id,name,category,homepage,location,recommended_places,recospot,recohome
1,室蘭ランプ亭海の門,海鮮,https://www.bing.com/ck/a?!&&p=96d91a1d5734353e4c64e0f8c0f1eca34ca7a8a8d6b2ad03adb09322a889e1e6JmltdHM9MTczNjgxMjgwMA&ptn=3&ver=2&hsh=4&fclid=2607bec4-93db-6f15-2187-aff392316e49&psq=%e5%ae%a4%e8%98%ad%e3%83%a9%e3%83%b3%e3%83%97%e4%ba%ad%e6%b5%b7%e3%81%ae%e9%96%80&u=a1aHR0cHM6Ly93d3cuaW5zdGFncmFtLmNvbS9tdXJvcmFuX3VtaW5vbW9uLw&ntb=1,https://www.google.com/maps/d/viewer?hl=ja&mid=1VvQO8_9-EHnf5H9j,and.cafe美風,https://maps.app.goo.gl/DPnDb9WBzGeTwzrC9,https://www.bing.com/ck/a?!&&p=22cfe78c7c87b70e1d129ced895467f198449866b27267d046e47cb6b2a31d72JmltdHM9MTczNjgxMjgwMA&ptn=3&ver=2&hsh=4&fclid=2607bec4-93db-6f15-2187-aff392316e49&psq=and.cafe%e7%be%8e%e9%a2%a8&u=a1aHR0cHM6Ly93d3cuaW5zdGFncmFtLmNvbS9jYWZlLm1pa2F6ZS8&ntb=1
2,海鮮ビアホール汽笛,海鮮,https://www.bing.com/ck/a?!&&p=b41650d357210666b1bfe8d7ce637553c1a726ce8aa307b29c16fb83f4246895JmltdHM9MTczNjgxMjgwMA&ptn=3&ver=2&hsh=4&fclid=2607bec4-93db-6f15-2187-aff392316e49&psq=%e6%b5%b7%e9%ae%ae%e3%83%93%e3%82%a2%e3%83%9b%e3%83%bc%e3%83%ab%e6%b1%bd%e7%ac%9b&u=a1aHR0cHM6Ly9rYWlzZW5iZWVyaGFsbGtpdGVraS5vd3N0LmpwLw&ntb=1,https://www.google.com/maps/d/viewer?hl=ja&mid=1VvQO8_9-EHnf5H9j,白鳥大橋,https://www.google.com/maps?cid=18187769341020121584,http://muro-kanko.com/see/hakuchouoohashi.html
3,海鮮炭火料理　空雅,海鮮,https://www.bing.com/ck/a?!&&p=739b515d5cd180e4cd697b42626737c14238ff76cd633647842c911d2ef3f7d1JmltdHM9MTczMDc2NDgwMA&ptn=3&ver=2&hsh=4&fclid=350d644a-d8c6-65a0-3df6-74a7d9bc64af&psq=%e5%ae%a4%e8%98%ad+%e7%a9%ba%e9%9b%85&u=a1aHR0cHM6Ly90YWJlbG9nLmNvbS9ob2trYWlkby9BMDEwOC9BMDEwODAzLzEwNjAwNDQvP21zb2NraWQ9MzUwZDY0NGFkOGM2NjVhMDNkZjY3NGE3ZDliYzY0YWY&ntb=1,https://www.google.com/maps/d/viewer?hl=ja&mid=1VvQO8_9-EHnf5H9j,and.cafe美風,https://maps.app.goo.gl/DPnDb9WBzGeTwzrC9,https://www.bing.com/ck/a?!&&p=22cfe78c7c87b70e1d129ced895467f198449866b27267d046e47cb6b2a31d72JmltdHM9MTczNjgxMjgwMA&ptn=3&ver=2&hsh=4&fclid=2607bec4-93db-6f15-2187-aff392316e49&psq=and.cafe%e7%be%8e%e9%a2%a8&u=a1aHR0cHM6Ly93d3cuaW5zdGFncmFtLmNvbS9jYWZlLm1pa2F6ZS8&ntb=1
4,味処いずみ,海鮮,https://www.bing.com/ck/a?!&&p=177a4a910ccfa138d7efbe17b645bd2a10b5140cac04e87b41b5a769add05d59JmltdHM9MTczMDc2NDgwMA&ptn=3&ver=2&hsh=4&fclid=350d644a-d8c6-65a0-3df6-74a7d9bc64af&psq=%e5%ae%a4%e8%98%ad%e3%80%80%e3%81%84%e3%81%9a%e3%81%bf&u=a1aHR0cHM6Ly90YWJlbG9nLmNvbS9ob2trYWlkby9BMDEwOC9BMDEwODAzLzEwMDY3NjYvP21zb2NraWQ9MzUwZDY0NGFkOGM2NjVhMDNkZjY3NGE3ZDliYzY0YWY&ntb=1,https://www.google.com/maps/d/viewer?hl=ja&mid=1VvQO8_9-EHnf5H9j,カフェ レストラン シェモア,https://maps.app.goo.gl/UhC4FdaRu38aK8u67,https://www.bing.com/ck/a?!&&p=3ba85f7ee0dfe065c81c9c28b5ec1c76ee612b82d3b26ed2ddbcdf255a252a10JmltdHM9MTczNjgxMjgwMA&ptn=3&ver=2&hsh=4&fclid=2607bec4-93db-6f15-2187-aff392316e49&psq=%e3%82%ab%e3%83%95%e3%82%a7%e3%80%80%e3%83%ac%e3%82%b9%e3%83%88%e3%83%a9%e3%83%b3%e3%80%80%e3%82%b7%e3%82%a7%e3%83%a2%e3%82%a2&u=a1aHR0cHM6Ly9jYWZlLXJlc3RhdXJhbnQtY2hlem1vaS5qcC8&ntb=1
5,1598食堂,海鮮,https://www.bing.com/ck/a?!&&p=d9aba32b1445567bcbb3a5ec72ed402d4087ffc2469f9b842a45091d91a51178JmltdHM9MTczMDc2NDgwMA&ptn=3&ver=2&hsh=4&fclid=350d644a-d8c6-65a0-3df6-74a7d9bc64af&psq=%e5%ae%a4%e8%98%ad%e3%80%80%ef%bc%91%ef%bc%95%ef%bc%99%ef%bc%98&u=a1aHR0cHM6Ly90YWJlbG9nLmNvbS9ob2trYWlkby9BMDEwOC9BMDEwODAzLzEwNzQyOTEvP21zb2NraWQ9MzUwZDY0NGFkOGM2NjVhMDNkZjY3NGE3ZDliYzY0YWY&ntb=1,https://www.google.com/maps/d/viewer?hl=ja&mid=1VvQO8_9-EHnf5H9j,THE LAMP ROOM CAFﾉ,https://maps.app.goo.gl/YxtkCnLE2GjYYH8N9,https://www.bing.com/ck/a?!&&p=fe396445b0d14d86d9337c40f1dc732f6a0a98ed2defa8b7e54d08577cc37a34JmltdHM9MTczNjgxMjgwMA&ptn=3&ver=2&hsh=4&fclid=2607bec4-93db-6f15-2187-aff392316e49&psq=THE+LAMP+ROOM+CAF%c3%89&u=a1aHR0cHM6Ly90YWJlbG9nLmNvbS9ob2trYWlkby9BMDEwOC9BMDEwODAzLzEwNzM2NDQvP21zb2NraWQ9MjYwN2JlYzQ5M2RiNmYxNTIxODdhZmYzOTIzMTZlNDk&ntb=1
6,THE LAMP ROOM CAFﾉ,カフェ,https://www.bing.com/ck/a?!&&p=fe396445b0d14d86d9337c40f1dc732f6a0a98ed2defa8b7e54d08577cc37a34JmltdHM9MTczNjgxMjgwMA&ptn=3&ver=2&hsh=4&fclid=2607bec4-93db-6f15-2187-aff392316e49&psq=THE+LAMP+ROOM+CAF%c3%89&u=a1aHR0cHM6Ly90YWJlbG9nLmNvbS9ob2trYWlkby9BMDEwOC9BMDEwODAzLzEwNzM2NDQvP21zb2NraWQ9MjYwN2JlYzQ5M2RiNmYxNTIxODdhZmYzOTIzMTZlNDk&ntb=1,https://maps.app.goo.gl/YxtkCnLE2GjYYH8N9,イタンキ浜,https://maps.app.goo.gl/HwsLrkfou72yHBSa7,https://www.bing.com/ck/a?!&&p=2a684a45a23e75857439cd71c28192bd72f50580913cec7300acb36f5a25fc1cJmltdHM9MTczNjgxMjgwMA&ptn=3&ver=2&hsh=4&fclid=2607bec4-93db-6f15-2187-aff392316e49&psq=%e3%82%a4%e3%82%bf%e3%83%b3%e3%82%ad%e6%b5%9c&u=a1aHR0cDovL211cm8ta2Fua28uY29tL3Zpc2l0L2l0YW5raWhhbWEuaHRtbA&ntb=1
7,フェアリーテイル,カフェ,https://www.bing.com/ck/a?!&&p=7441a32a63afc6348b4f3284a9ea7ff8325d49938ca1224f3270f3c457432f33JmltdHM9MTczNjgxMjgwMA&ptn=3&ver=2&hsh=4&fclid=2607bec4-93db-6f15-2187-aff392316e49&psq=%e3%83%95%e3%82%a7%e3%82%a2%e3%83%aa%e3%83%bc%e3%83%86%e3%82%a4%e3%83%ab+%e5%ae%a4%e8%98%ad&u=a1aHR0cHM6Ly90YWJlbG9nLmNvbS9ob2trYWlkby9BMDEwOC9BMDEwODAzLzEwMDUzMzMvP21zb2NraWQ9MjYwN2JlYzQ5M2RiNmYxNTIxODdhZmYzOTIzMTZlNDk&ntb=1,https://maps.app.goo.gl/R3uQgqh34NnWz5MG6,中島神社,https://maps.app.goo.gl/qbZKwRdUoruqq2Ed9,https://hokkaidojinjacho.jp/%E4%B8%AD%E5%B6%8B%E7%A5%9E%E7%A4%BE/
8,MUTEKIROU,カフェ,https://www.bing.com/ck/a?!&&p=0ff2a4a09de510af94a6163f2e642d02a49537abeef720bdb6aa7634a88694ecJmltdHM9MTczNjgxMjgwMA&ptn=3&ver=2&hsh=4&fclid=2607bec4-93db-6f15-2187-aff392316e49&psq=mutekirou+%e5%ae%a4%e8%98%ad&u=a1aHR0cDovL211cm8ta2Fua28uY29tL2VhdC1idXkvbXV0ZWtpcm91Lmh0bWw&ntb=1,https://maps.app.goo.gl/Zddu13zMSNpzFanV8,絵鞆岬展望台,https://maps.app.goo.gl/6j2y8Esgagzfsxut9,https://www.bing.com/ck/a?!&&p=b052a05da02a276055e4c4359ff4c93b1d7508dae0983aa6e962f657212e46a1JmltdHM9MTczNjgxMjgwMA&ptn=3&ver=2&hsh=4&fclid=2607bec4-93db-6f15-2187-aff392316e49&psq=%e3%81%88%e3%81%a8%e3%82%82%e3%81%bf%e3%81%95%e3%81%8d+%e3%81%a6%e3%82%93%e3%81%bc%e3%81%86%e3%81%a0%e3%81%84&u=a1aHR0cHM6Ly9pa28teW8ubmV0L2ZhY2lsaXRpZXMvMTUxMTUz&ntb=1
9,蘭東館,カフェ,https://www.bing.com/ck/a?!&&p=464ebce7fe970522247b1c07253de7b2a54f50c7de7ba4bb1249ba15ce14c713JmltdHM9MTczNjgxMjgwMA&ptn=3&ver=2&hsh=4&fclid=2607bec4-93db-6f15-2187-aff392316e49&psq=%e8%98%ad%e6%9d%b1%e9%a4%a8+%e5%ae%a4&u=a1aHR0cHM6Ly90YWJlbG9nLmNvbS9ob2trYWlkby9BMDEwOC9BMDEwODAzLzEwMjA3NDcvP21zb2NraWQ9MjYwN2JlYzQ5M2RiNmYxNTIxODdhZmYzOTIzMTZlNDk&ntb=1,https://maps.app.goo.gl/q99ZsDNN6moNzpbw7,イタンキ浜,https://maps.app.goo.gl/HwsLrkfou72yHBSa7,https://www.bing.com/ck/a?!&&p=2a684a45a23e75857439cd71c28192bd72f50580913cec7300acb36f5a25fc1cJmltdHM9MTczNjgxMjgwMA&ptn=3&ver=2&hsh=4&fclid=2607bec4-93db-6f15-2187-aff392316e49&psq=%e3%82%a4%e3%82%bf%e3%83%b3%e3%82%ad%e6%b5%9c&u=a1aHR0cDovL211cm8ta2Fua28uY29tL3Zpc2l0L2l0YW5raWhhbWEuaHRtbA&ntb=1
10,えんとつ町のドーナツ屋さん,カフェ,https://entotsudonut.com/,https://maps.app.goo.gl/UtFADYJTikFLDA1EA,中島神社,https://maps.app.goo.gl/qbZKwRdUoruqq2Ed9,https://hokkaidojinjacho.jp/%E4%B8%AD%E5%B6%8B%E7%A5%9E%E7%A4%BE/
11,らぁめん　ひなた,ラーメン,https://www.bing.com/ck/a?!&&p=44d10edba90ac815b6e1cf1658e60f2491d672433af9dc8b1e34f08212947b69JmltdHM9MTczNjgxMjgwMA&ptn=3&ver=2&hsh=4&fclid=2607bec4-93db-6f15-2187-aff392316e49&psq=%e3%82%89%e3%81%81%e3%82%81%e3%82%93%e3%80%80%e3%81%b2%e3%81%aa%e3%81%9f+%e5%ae%a4&u=a1aHR0cHM6Ly90YWJlbG9nLmNvbS9ob2trYWlkby9BMDEwOC9BMDEwODAzLzEwNzkzMzkvP21zb2NraWQ9MjYwN2JlYzQ5M2RiNmYxNTIxODdhZmYzOTIzMTZlNDk&ntb=1,https://www.google.com/maps?cid=12733376397177234275,中島神社,https://maps.app.goo.gl/qbZKwRdUoruqq2Ed9,https://hokkaidojinjacho.jp/%E4%B8%AD%E5%B6%8B%E7%A5%9E%E7%A4%BE/
12,カレーらーめん じぇんとる麺 弥生店,ラーメン,https://www.facebook.com/people/%E6%A0%AA%E5%BC%8F%E4%BC%9A%E7%A4%BE%E3%81%98%E3%81%87%E3%82%93%E3%81%A8%E3%82%8B%E9%BA%BA/100057584374707/,https://maps.app.goo.gl/aJNKacjF4DEwTvMo6,潮見公園展望台,https://maps.app.goo.gl/HSxpcYnG4fSJ7hvq5,http://www.city.muroran.lg.jp/main/shisetsu/130100shiomi.html
13,味の大王 室蘭本店,ラーメン,https://www.google.com/maps?cid=6792462332079353283,https://www.google.com/maps?cid=6792462332079353283,測量山展望台,https://www.google.com/maps?cid=5323212413427448715,http://muro-kanko.com/see/sokuryouzan.html
14,しぶき屋,ラーメン,https://www.bing.com/ck/a?!&&p=c8ee5073010e43b9364e6ed9249e229c6bdbd86e25e6747fbd70bb5c48edcc48JmltdHM9MTczNjgxMjgwMA&ptn=3&ver=2&hsh=4&fclid=2607bec4-93db-6f15-2187-aff392316e49&psq=%e3%81%97%e3%81%b6%e3%81%8d%e5%b1%8b+%e5%ae%a4&u=a1aHR0cDovL211cm8ta2Fua28uY29tL2VhdC1idXkvc2hpYnVraXlhXzAyLmh0bWw&ntb=1,https://www.google.com/maps?cid=17141201140469631768,チロリン村,https://maps.app.goo.gl/augRyHmH2bL4DHJ59,https://www.bing.com/ck/a?!&&p=4823730b2b63ffcc471f4baea0650e52d18881e0b181d3b67062b1a2446f6148JmltdHM9MTczNjg5OTIwMA&ptn=3&ver=2&hsh=4&fclid=2607bec4-93db-6f15-2187-aff392316e49&psq=%e3%83%81%e3%83%ad%e3%83%aa%e3%83%b3%e6%9d%91+%e5%ae%a4%e8%98%ad&u=a1aHR0cHM6Ly90YWJlbG9nLmNvbS9ob2trYWlkby9BMDEwOC9BMDEwODAzLzEwMjAwOTMvP21zb2NraWQ9MjYwN2JlYzQ5M2RiNmYxNTIxODdhZmYzOTIzMTZlNDk&ntb=1
15,だるま亭,ラーメン,https://www.bing.com/ck/a?!&&p=e9b79272e73945eae66baa19ae497469a30509f779d9d790634fa2301f539de9JmltdHM9MTczNjgxMjgwMA&ptn=3&ver=2&hsh=4&fclid=2607bec4-93db-6f15-2187-aff392316e49&psq=%e3%81%a0%e3%82%8b%e3%81%be%e4%ba%ad&u=a1aHR0cHM6Ly9kYXJ1bWF0ZWktbXVyb3Jhbi5jb20v&ntb=1,"https://www.google.com/maps/place/%E3%81%A0%E3%82%8B%E3%81%BE%E4%BA%AD/@42.3526628,141.0155946,17z/data=!3m1!4b1!4m6!3m5!1s0x5f9fda17a3a565c9:0xaf19d57c2cae872f!8m2!3d42.3526628!4d141.0155946!16s%2Fg%2F1tnpkvf7?entry=ttu&g_ep=EgoyMDI0MTIxMS4wIKXMDSoASAFQAw%3D%3D",チロリン村,https://maps.app.goo.gl/augRyHmH2bL4DHJ59,https://www.bing.com/ck/a?!&&p=4823730b2b63ffcc471f4baea0650e52d18881e0b181d3b67062b1a2446f6148JmltdHM9MTczNjg5OTIwMA&ptn=3&ver=2&hsh=4&fclid=2607bec4-93db-6f15-2187-aff392316e49&psq=%e3%83%81%e3%83%ad%e3%83%aa%e3%83%b3%e6%9d%91+%e5%ae%a4%e8%98%ad&u=a1aHR0cHM6Ly90YWJlbG9nLmNvbS9ob2trYWlkby9BMDEwOC9BMDEwODAzLzEwMjAwOTMvP21zb2NraWQ9MjYwN2JlYzQ5M2RiNmYxNTIxODdhZmYzOTIzMTZlNDk&ntb=1
16,福笑い,中華,https://twitter.com/fukuwarai_5151,https://maps.app.goo.gl/oi95kFYAyaBwCvcC7,測量山展望台,https://www.google.com/maps?cid=5323212413427448715,http://muro-kanko.com/see/sokuryouzan.html
17,北京亭 中島店,中華,https://www.bing.com/ck/a?!&&p=0d59e5be72b1fd1bc534ce06d25056a274ebb402709158f316cfef6c94ad7b01JmltdHM9MTczNjg5OTIwMA&ptn=3&ver=2&hsh=4&fclid=2607bec4-93db-6f15-2187-aff392316e49&psq=%e5%8c%97%e4%ba%ac%e4%ba%ad+%e4%b8%ad%e5%b3%b6%e5%ba%97+%e5%ae%a4%e8%98%ad%e5%b8%82&u=a1aHR0cHM6Ly90YWJlbG9nLmNvbS9ob2trYWlkby9BMDEwOC9BMDEwODAzLzEwMTQ0MTEvP21zb2NraWQ9MjYwN2JlYzQ5M2RiNmYxNTIxODdhZmYzOTIzMTZlNDk&ntb=1,https://maps.app.goo.gl/i8WfN7oEAWvUSLDB6,中島神社,https://maps.app.goo.gl/qbZKwRdUoruqq2Ed9,https://hokkaidojinjacho.jp/%E4%B8%AD%E5%B6%8B%E7%A5%9E%E7%A4%BE/
18,よろず食堂 龍苑,中華,https://www.bing.com/ck/a?!&&p=db7c72e7015f7c521f825775fa52e7f63339d9aa3050a7a88804b1a72a86b957JmltdHM9MTczNjg5OTIwMA&ptn=3&ver=2&hsh=4&fclid=2607bec4-93db-6f15-2187-aff392316e49&psq=%e3%82%88%e3%82%8d%e3%81%9a%e9%a3%9f%e5%a0%82+%e9%be%8d%e8%8b%91&u=a1aHR0cHM6Ly90YWJlbG9nLmNvbS9ob2trYWlkby9BMDEwOC9BMDEwODAzLzEwMjA3NTAvP21zb2NraWQ9MjYwN2JlYzQ5M2RiNmYxNTIxODdhZmYzOTIzMTZlNDk&ntb=1,https://maps.app.goo.gl/MRqvwb7d4UGA7yts6,中島神社,https://maps.app.goo.gl/qbZKwRdUoruqq2Ed9,https://hokkaidojinjacho.jp/%E4%B8%AD%E5%B6%8B%E7%A5%9E%E7%A4%BE/
19,中国料理亞亞,中華,https://www.bing.com/ck/a?!&&p=6df80de45e2eeae31699f37426b389ce473d53da68dbe1b1ad9c49743cc891a3JmltdHM9MTczNjg5OTIwMA&ptn=3&ver=2&hsh=4&fclid=2607bec4-93db-6f15-2187-aff392316e49&psq=%e4%b8%ad%e5%9b%bd%e6%96%99%e7%90%86%e4%ba%9e%e4%ba%9e&u=a1aHR0cHM6Ly90YWJlbG9nLmNvbS9ob2trYWlkby9BMDEwOC9BMDEwODAzLzEwNDE1NTkvP21zb2NraWQ9MjYwN2JlYzQ5M2RiNmYxNTIxODdhZmYzOTIzMTZlNDk&ntb=1,https://maps.app.goo.gl/dwc67Vhaapg7f9KM8,イタンキ浜,https://maps.app.goo.gl/HwsLrkfou72yHBSa7,https://www.bing.com/ck/a?!&&p=2a684a45a23e75857439cd71c28192bd72f50580913cec7300acb36f5a25fc1cJmltdHM9MTczNjgxMjgwMA&ptn=3&ver=2&hsh=4&fclid=2607bec4-93db-6f15-2187-aff392316e49&psq=%e3%82%a4%e3%82%bf%e3%83%b3%e3%82%ad%e6%b5%9c&u=a1aHR0cDovL211cm8ta2Fua28uY29tL3Zpc2l0L2l0YW5raWhhbWEuaHRtbA&ntb=1
20,蘭亭飯店,中華,https://www.bing.com/ck/a?!&&p=08547715e19520664aaba40527422de46ca201e77e47372b1d4dd0428dbed115JmltdHM9MTczNjg5OTIwMA&ptn=3&ver=2&hsh=4&fclid=2607bec4-93db-6f15-2187-aff392316e49&psq=%e8%98%ad%e4%ba%ad%e9%a3%af%e5%ba%97&u=a1aHR0cHM6Ly90YWJlbG9nLmNvbS9ob2trYWlkby9BMDEwOC9BMDEwODAzLzEwMTQ0MTQvP21zb2NraWQ9MjYwN2JlYzQ5M2RiNmYxNTIxODdhZmYzOTIzMTZlNDk&ntb=1,https://maps.app.goo.gl/oAJBmqAqyVoz6vBz7,旧室蘭駅舎,https://maps.app.goo.gl/sQGZbt2rDufM7VubA,https://www.bing.com/ck/a?!&&p=236ca53b74337ddbb69e2fdfb1b2d0c46c67eafb501c9a431ddb1217dd6d9c86JmltdHM9MTczNjg5OTIwMA&ptn=3&ver=2&hsh=4&fclid=2607bec4-93db-6f15-2187-aff392316e49&psq=%e6%97%a7%e5%ae%a4%e8%98%ad%e9%a7%85%e8%88%8e&u=a1aHR0cHM6Ly93d3cuY2l0eS5tdXJvcmFuLmxnLmpwL2FkbWluaXN0cmF0aW9uLz9jb250ZW50PTE1Mzk&ntb=1
21,やきとりの一平 本店,肉,https://www.e-ippei.com/grand-menu/,https://maps.app.goo.gl/i926q8YkDTVRU4179,宮の森 楽々温泉,https://maps.app.goo.gl/XKAiUUnzt9hJC9NW6,https://tabiiro.jp/leisure/s/206456-muroran-rakurakumuroran/
22,焼肉居酒屋いただき,肉,https://yakiniku-izakaya-itadaki.com/?utm_source=google&utm_medium=map,https://maps.app.goo.gl/dJhqq2JchbYp7qP58,宮の森 楽々温泉,https://maps.app.goo.gl/XKAiUUnzt9hJC9NW6,https://tabiiro.jp/leisure/s/206456-muroran-rakurakumuroran/
23,まじ亭,肉,https://www.bing.com/ck/a?!&&p=b56d9b316891ddcebc57999c165ccfa0344700e0b7d70aa8bab09199c6476820JmltdHM9MTczNjg5OTIwMA&ptn=3&ver=2&hsh=4&fclid=2607bec4-93db-6f15-2187-aff392316e49&psq=%e3%81%be%e3%81%98%e4%ba%ad+%e5%ae%a4%e8%98%ad&u=a1aHR0cHM6Ly90YWJlbG9nLmNvbS9ob2trYWlkby9BMDEwOC9BMDEwODAzLzEwMjAyOTQvP21zb2NraWQ9MjYwN2JlYzQ5M2RiNmYxNTIxODdhZmYzOTIzMTZlNDk&ntb=1,https://maps.app.goo.gl/6cEdGhwYLzTFsVQK7,宮の森 楽々温泉,https://maps.app.goo.gl/XKAiUUnzt9hJC9NW6,https://tabiiro.jp/leisure/s/206456-muroran-rakurakumuroran/
24,肉鍋 乃ざ喜,肉,https://www.instagram.com/nozaki1949/,https://maps.app.goo.gl/2xEpLoXJjLB9wShRA,むろらん温泉 ゆらら,https://maps.app.goo.gl/AQAQeUVCtx5nFT8U7,http://www.circle-city.ne.jp/yurara/
25,新羅館,肉,https://www.bing.com/ck/a?!&&p=ea6d08b58c3ffdad0566f92bc6d3263ab7de4264343d257298c7ad6ab595383dJmltdHM9MTczNjg5OTIwMA&ptn=3&ver=2&hsh=4&fclid=2607bec4-93db-6f15-2187-aff392316e49&psq=%e6%96%b0%e7%be%85%e9%a4%a8+%e5%ae%a4%e8%98%ad&u=a1aHR0cHM6Ly90YWJlbG9nLmNvbS9ob2trYWlkby9BMDEwOC9BMDEwODAzLzEwMTI0NTkvP21zb2NraWQ9MjYwN2JlYzQ5M2RiNmYxNTIxODdhZmYzOTIzMTZlNDk&ntb=1,https://maps.app.goo.gl/m92p2MMFZqgbku4p7,むろらん温泉 ゆらら,https://maps.app.goo.gl/AQAQeUVCtx5nFT8U7,http://www.circle-city.ne.jp/yurara/
26,THE LAMP ROOM CAFﾉ,軽食,https://tabelog.com/hokkaido/A0108/A010803/1073644/,https://www.google.com/maps/d/viewer?mid=1qOVBnvYFo92NqgpxxWFQ7HffDQb8iUo&ll=42.34674620000001%2C141.0328872&z=11,イタンキ浜,https://maps.app.goo.gl/HwsLrkfou72yHBSa7,https://www.bing.com/ck/a?!&&p=2b5e3ae02e5f2ae302ce1ae20c933dd1ec4da8810747e56851b0b5f6e79f1d59JmltdHM9MTczNjg5OTIwMA&ptn=3&ver=2&hsh=4&fclid=2607bec4-93db-6f15-2187-aff392316e49&psq=%e5%ae%a4%e8%98%ad+%e3%82%a4%e3%82%bf%e3%83%b3%e3%82%ad%e6%b5%9c&u=a1aHR0cDovL211cm8ta2Fua28uY29tL3Zpc2l0L2l0YW5raWhhbWEuaHRtbA&ntb=1
27,CAFE FUKUROU,軽食,https://www.facebook.com/CAFE-Fukurou-1812172089005561/?ref=pages_you_manage,https://maps.app.goo.gl/7dcSPiEq6Rf8YPkk9,イタンキ浜,https://maps.app.goo.gl/HwsLrkfou72yHBSa7,https://www.bing.com/ck/a?!&&p=2b5e3ae02e5f2ae302ce1ae20c933dd1ec4da8810747e56851b0b5f6e79f1d59JmltdHM9MTczNjg5OTIwMA&ptn=3&ver=2&hsh=4&fclid=2607bec4-93db-6f15-2187-aff392316e49&psq=%e5%ae%a4%e8%98%ad+%e3%82%a4%e3%82%bf%e3%83%b3%e3%82%ad%e6%b5%9c&u=a1aHR0cDovL211cm8ta2Fua28uY29tL3Zpc2l0L2l0YW5raWhhbWEuaHRtbA&ntb=1
28,洒落人,軽食,https://www.bing.com/ck/a?!&&p=bde0b18b4b2cd71ae1a3b5c77b2b63ff51947a18b6169c44916ed4efc03fd79dJmltdHM9MTczNjg5OTIwMA&ptn=3&ver=2&hsh=4&fclid=2607bec4-93db-6f15-2187-aff392316e49&psq=%e5%ae%a4%e8%98%ad+%e6%b4%92%e8%90%bd%e4%ba%ba&u=a1aHR0cHM6Ly90YWJlbG9nLmNvbS9ob2trYWlkby9BMDEwOC9BMDEwODAzLzEwMTU3MzIvP21zb2NraWQ9MjYwN2JlYzQ5M2RiNmYxNTIxODdhZmYzOTIzMTZlNDk&ntb=1,https://maps.app.goo.gl/hwgBqbEMeh49DX8P7,イタンキ浜,https://maps.app.goo.gl/HwsLrkfou72yHBSa7,https://www.bing.com/ck/a?!&&p=2b5e3ae02e5f2ae302ce1ae20c933dd1ec4da8810747e56851b0b5f6e79f1d59JmltdHM9MTczNjg5OTIwMA&ptn=3&ver=2&hsh=4&fclid=2607bec4-93db-6f15-2187-aff392316e49&psq=%e5%ae%a4%e8%98%ad+%e3%82%a4%e3%82%bf%e3%83%b3%e3%82%ad%e6%b5%9c&u=a1aHR0cDovL211cm8ta2Fua28uY29tL3Zpc2l0L2l0YW5raWhhbWEuaHRtbA&ntb=1
29,カフェ英国館,軽食,https://www.bing.com/ck/a?!&&p=31b9c224acdf26ecf9532e6e3c629e366551868fb480c5acce73551bb11efd2fJmltdHM9MTczNjg5OTIwMA&ptn=3&ver=2&hsh=4&fclid=2607bec4-93db-6f15-2187-aff392316e49&psq=%e5%ae%a4%e8%98%ad+%e8%8b%b1%e5%9b%bd%e9%a4%a8&u=a1aHR0cHM6Ly90YWJlbG9nLmNvbS9ob2trYWlkby9BMDEwOC9BMDEwODAzLzEwMTk4NDgvP21zb2NraWQ9MjYwN2JlYzQ5M2RiNmYxNTIxODdhZmYzOTIzMTZlNDk&ntb=1,https://maps.app.goo.gl/QME2HUA5oiqNNJvj7,旧室蘭駅舎,https://maps.app.goo.gl/sQGZbt2rDufM7VubA,https://www.bing.com/ck/a?!&&p=236ca53b74337ddbb69e2fdfb1b2d0c46c67eafb501c9a431ddb1217dd6d9c86JmltdHM9MTczNjg5OTIwMA&ptn=3&ver=2&hsh=4&fclid=2607bec4-93db-6f15-2187-aff392316e49&psq=%e6%97%a7%e5%ae%a4%e8%98%ad%e9%a7%85%e8%88%8e&u=a1aHR0cHM6Ly93d3cuY2l0eS5tdXJvcmFuLmxnLmpwL2FkbWluaXN0cmF0aW9uLz9jb250ZW50PTE1Mzk&ntb=1
30,すずや,軽食,https://www.bing.com/ck/a?!&&p=0b2a9ea8128e10bc7f67ab7c703a185e828f6d337b77c4d6abe67a06ba4fc548JmltdHM9MTczNjg5OTIwMA&ptn=3&ver=2&hsh=4&fclid=2607bec4-93db-6f15-2187-aff392316e49&psq=%e5%ae%a4%e8%98%ad+%e3%81%99%e3%81%9a%e3%82%84&u=a1aHR0cHM6Ly90YWJlbG9nLmNvbS9ob2trYWlkby9BMDEwOC9BMDEwODAzLzEwMTk2MTAvP21zb2NraWQ9MjYwN2JlYzQ5M2RiNmYxNTIxODdhZmYzOTIzMTZlNDk&ntb=1,https://maps.app.goo.gl/BB6drtsYQVSNEgxd9,旧室蘭駅舎,https://maps.app.goo.gl/sQGZbt2rDufM7VubA,https://www.bing.com/ck/a?!&&p=236ca53b74337ddbb69e2fdfb1b2d0c46c67eafb501c9a431ddb1217dd6d9c86JmltdHM9MTczNjg5OTIwMA&ptn=3&ver=2&hsh=4&fclid=2607bec4-93db-6f15-2187-aff392316e49&psq=%e6%97%a7%e5%ae%a4%e8%98%ad%e9%a7%85%e8%88%8e&u=a1aHR0cHM6Ly93d3cuY2l0eS5tdXJvcmFuLmxnLmpwL2FkbWluaXN0cmF0aW9uLz9jb250ZW50PTE1Mzk&ntb=1
31,やきとりの一平 本店,居酒屋,https://www.e-ippei.com/grand-menu/,https://maps.app.goo.gl/i926q8YkDTVRU4179,宮の森 楽々温泉,https://maps.app.goo.gl/XKAiUUnzt9hJC9NW6,https://tabiiro.jp/leisure/s/206456-muroran-rakurakumuroran/
32,室蘭串揚げ 中島一丁目商店,居酒屋,https://nakajimaittyoumesyouten.com/,https://maps.app.goo.gl/Q5CWQaBN64xL9mh37,宮の森 楽々温泉,https://maps.app.goo.gl/XKAiUUnzt9hJC9NW6,https://tabiiro.jp/leisure/s/206456-muroran-rakurakumuroran/
33,鳥辰 中島店,居酒屋,https://murocci.or.jp/nakajima/04/,https://maps.app.goo.gl/o8JFRcNid5RR2gPk9,宮の森 楽々温泉,https://maps.app.goo.gl/XKAiUUnzt9hJC9NW6,https://tabiiro.jp/leisure/s/206456-muroran-rakurakumuroran/
34,小舟,居酒屋,https://www.bing.com/ck/a?!&&p=1876074f1175f11a81f5dccdec7acedb7f27bd2311efd66f66864a5a6250b9d5JmltdHM9MTczNjg5OTIwMA&ptn=3&ver=2&hsh=4&fclid=2607bec4-93db-6f15-2187-aff392316e49&psq=%e5%b0%8f%e8%88%9f+%e5%ae%a4%e8%98%ad&u=a1aHR0cHM6Ly90YWJlbG9nLmNvbS9ob2trYWlkby9BMDEwOC9BMDEwODAzLzEwMTg5NDAvP21zb2NraWQ9MjYwN2JlYzQ5M2RiNmYxNTIxODdhZmYzOTIzMTZlNDk&ntb=1,https://maps.app.goo.gl/52T8YQxiZyatniaD8,むろらん温泉 ゆらら,https://maps.app.goo.gl/AQAQeUVCtx5nFT8U7,http://www.circle-city.ne.jp/yurara/
35,鳥辰 本店,居酒屋,http://www3.plala.or.jp/toritatuhonntenn/,https://maps.app.goo.gl/RmzZqAd7FtJsEKwD6,なかよし 中央町支店,https://maps.app.goo.gl/HbUaipKYCmF3NDiQ9,http://ww4.et.tiki.ne.jp/~nakayosiirie/tyuoh.html
36,肉鍋 乃ざ喜,がっつり,https://www.instagram.com/nozaki1949/,https://maps.app.goo.gl/2xEpLoXJjLB9wShRA,むろらん温泉 ゆらら,https://maps.app.goo.gl/AQAQeUVCtx5nFT8U7,http://www.circle-city.ne.jp/yurara/
37,ラーメン初代好基,がっつり,https://twitter.com/syodaiyoshimoto,https://maps.app.goo.gl/9byEikPDaLFG2gii7,sunday pool coffee,https://demae-can.com/shop/menu/3398117/,https://maps.app.goo.gl/ngHR9CC3fzfM5wbCA
38,焼肉居酒屋いただき,がっつり,https://yakiniku-izakaya-itadaki.com/?utm_source=google&utm_medium=map,https://maps.app.goo.gl/dJhqq2JchbYp7qP58,宮の森 楽々温泉,https://maps.app.goo.gl/XKAiUUnzt9hJC9NW6,https://tabiiro.jp/leisure/s/206456-muroran-rakurakumuroran/
39,ビアキャビン,がっつり,https://www.nikkokutrust.com/hokkaido/beercabin/index.html,https://maps.app.goo.gl/rcd5yeskRpLmDUxW9,スターバックス コーヒー 室蘭店,https://maps.app.goo.gl/CuneLRT6niTk35Lj6,https://store.starbucks.co.jp/detail-4295/?utm_source=GMB&utm_medium=organic&utm_campaign=store&utm_content=4295
40,やきとりの一平 本店,がっつり,https://www.e-ippei.com/grand-menu/,https://maps.app.goo.gl/i926q8YkDTVRU4179,宮の森 楽々温泉,https://maps.app.goo.gl/XKAiUUnzt9hJC9NW6,https://tabiiro.jp/leisure/s/206456-muroran-rakurakumuroran/
